xcol,0x5555555b219b,0x55555559712a,0x55555559891f,0x55555558fb03,0x5555555b6234,0x5555555b4fc5,0x5555555b4fbe,0x55555558facf,0x5555555898d4,0x555555591a96,0x7ffff4b54ebe,0x7ffff55c059b,0x5555555abb5e,0x5555555abb01,0x7ffff45d09cc,0x7ffff55fafe4,0x7ffff55ff16c,0x5555555abb09,0x7ffff55f76b5,0x7ffff458113a,0x7ffff4554f41,0x7ffff4580b63,0x7ffff4580a56,0x7ffff489089b,0x7ffff55bb855,0x7ffff4554eed,0x5555555ab15a,0x555555589b75,0x5555555a6712,0x7ffff55c4213,0x55555563eac1,0x55555558caf8,0x5555555abba1,0x555555593214,0x5555555ad2a4,0x7ffff4b530fc,0x55555558ab21,0x7ffff4580b66,0x555555656f63,0x7ffff55f7d8e,0x7ffff55c3f35,0x7ffff4580acc,0x7ffff55c442e,0x55555558ca1e,0x55555558afb2,0x5555555ad2d0,0x5555555a7ba1,0x7ffff4b531cd,0x7ffff4b53158,0x7ffff55c3e3e,0x7ffff4b530a4,0x7ffff4b52ff1,0x7ffff4580a4d,0x7ffff4b531f3,0x7ffff4b53209,0x7ffff4b53214,0x7ffff45e1fde,0x55555558aa4b,0x7ffff4890d53,0x7ffff4b533d8,0x7ffff55bb835,0x7ffff4b53447,0x7ffff4b53f7f,0x55555558aaa6,0x7ffff4554f4c,0x5555555981f7,0x555555656e74,0x55555558ac90,0x7ffff55c413f,0x55555559ebd5,0x5555555a678d,0x5555555a6e78,0x5555555a789a,0x7ffff55fc0e0,0x5555555ab820,0x555555593f74,0x55555558a938,0x5555555abb80,0x5555555ad05f,0x7ffff4b531d2,0x5555555b4d4b,0x55555558a98d,0x555555605fd7,0x55555563ee75,0x7ffff55c42e4,0x7ffff4b531e8,0x7ffff55f9cb6,0x7ffff55f8792,0x7ffff55bb267,0x7ffff55fa2e4,0x7ffff55f46dd,0x7ffff5623373,0x7ffff55c2c11,0x7ffff5623585,0x7ffff489088b,0x555555641441,0x555555641448,0x5555555ad0f4,0x7ffff48ea410,0x55555558fa92,0x7ffff55f87a6,0x7ffff55f9b53,0x7ffff55fae05,0x5555555a7920,0x5555555a7888,0x5555555a6740,0x7ffff55c4dab,0x7ffff55cc1a3,0x7ffff48e6d69,0x7ffff489f36d,0x7ffff48908b8,0x7ffff4850c9f,0x7ffff4850c70,0x7ffff55b83eb,0x55555558ab43,0x55555558ab4e,0x7ffff55c307f,0x7ffff55c308d,0x7ffff45571c8,0x7ffff45571b0,0x555555656f77,0x555555656f6c,0x5555555930f5,0x5555556613ff,0x7ffff55f9f10,0x5555555ad330,0x7ffff55f9bd2,0x7ffff5623c53,0x7ffff4581160,0x7ffff5623531,0x555555589c55,0x5555555b12fe,0x7ffff56234ab,0x5555555ad327,0x7ffff55f874c,0x7ffff45d0a6f,0x555555605fad,0x5555555989a0,0x55555558ab10,0x7ffff55c1714,0x5555555a7e5c,0x5555555a6c41,0x7ffff56236c3,0x5555555ad2ff,0x5555555a6789,0x5555555a67dd,0x7ffff56233ac,0x5555555a66d8,0x5555555a676a,0x7ffff55f7268,0x5555555a67da,0x5555555ad370,0x55555563003d,0x55555559321c,0x5555555b922c,0x5555555a78de,0x7ffff55c08b5,0x55555559321f,0x55555559320d,0x5555555a78f0,0x7ffff55f8738,0x7ffff55f723f,0x5555555b4ce0,0x5555555b921f,0x5555555898aa,0x7ffff4580a0d,0x55555558fae0,0x555555591a9e,0x5555555a7e75,0x5555555b4f08,0x7ffff55f879f,0x7ffff55f87b2,0x5555556357c1,0x7ffff465630d,0x555555605c57,0x7ffff55f8761,0x7ffff4580bd3,0x7ffff55f8d94,0x7ffff55f8a8b,0x5555555c9668,0x7ffff55f8759,0x7ffff55c4115,0x7ffff55c14a8,0x7ffff55c14ca,0x5555555ad36d,0x7ffff55f83b0,0x555555597b44,0x7ffff55f767f,0x7ffff55f4a17,0x7ffff55f87d0,0x555555589c4c,0x7ffff45769fa,0x7ffff562331d,0x7ffff55c4165,0x555555605faa,0x5555555b61e5,0x7ffff55f8a97,0x5555555b4ce4,0x5555556642e0,0x7ffff55f7e71,0x7ffff465639b,0x5555555b6240,0x5555555a68d2,0x555555605fe8,0x5555555ab15e,0x5555555ab169,0x55555559eab8,0x5555556000cb,0x7ffff55c443d,0x7ffff4580b7b,0x555555589c40,0x7ffff55f4695,0x5555555a6796,0x7ffff55f87c7,0x7ffff55f87e8,0x5555555b61e9,0x7ffff4580b22,0x5555555b623d,0x7ffff55fc28e,0x7ffff55f8a79,0x7ffff55f8a70,0x55555558d89b,0x7ffff5623d8e,0x5555556000dc,0x7ffff4580b6e,0x555555605e05,0x7ffff56232da,0x7ffff55fe743,0x7ffff55f9b8f,0x55555559380f,0x555555593807,0x7ffff55f9ba1,0x7ffff55c4236,0x7ffff55f8b4d,0x7ffff55f8ae2,0x7ffff55f88a3,0x7ffff55f88be,0x7ffff55f8b44,0x7ffff55f8b60,0x7ffff55f4699,0x7ffff55f467f,0x7ffff55c2dc9,0x7ffff55ff17f,0x7ffff55f9b5d,0x555555598930,0x7ffff55f9b83,0x7ffff465ee50,0x5555555ad146,0x5555555b4f25,0x7ffff55ff217,0x555555600120,0x7ffff55f88ac,0x555555591a8f,0x7ffff55f463f,0x7ffff55f4654,0x5555555a6704,0x7ffff55f9728,0x7ffff55f9750,0x7ffff4580a1b,0x7ffff55c16b0,0x7ffff55f8bba,0x5555555ad14d,0x7ffff55f971b,0x7ffff4580a68,0x7ffff55fb9cb,0x5555555a7911,0x55555558d9f8,0x55555558d9c5,0x7ffff55c3f5e,0x7ffff55f8d6b,0x5555555ab176,0x7ffff55baf55,0x5555555ad26d,0x55555558f65e,0x55555558f646,0x555555591704,0x55555559300d,0x555555589c98,0x7ffff45810a8,0x5555555b1318,0x55555558faf9,0x7ffff55f8b1c,0x5555555ab162,0x7ffff55f9744,0x7ffff55f8c0d,0x7ffff55f9b8b,0x55555563eabd,0x7ffff55f83c9,0x5555555940c6,0x7ffff55f9c3b,0x7ffff55b6b90,0x7ffff4b54f40,0x7ffff55c4d5b,0x7ffff55baf30,0x7ffff55f6b60,0x7ffff55f6b4b,0x555555596b2e,0x7ffff55c171c,0x7ffff55c1acf,0x7ffff55c3f05,0x5555555b8664,0x7ffff55f40e4,0x7ffff55f7260,0x7ffff55f8cd3,0x55555558aca7,0x5555555a49d0,0x7ffff4656397,0x5555555e67c0,0x7ffff55f83f3,0x7ffff55f46a5,0x55555558f683,0x55555558f62e,0x7ffff55b7673,0x5555555a7b91,0x7ffff55f83d5,0x7ffff55f83c6,0x555555593184,0x555555593210,0x5555555feb07,0x7ffff5623dd0,0x7ffff4580a7b,0x7ffff5623e5c,0x7ffff5623e79,0x555555641539,0x7ffff55f464c,0x5555555b862e,0x555555597d6c,0x7ffff55f840b,0x7ffff55f83ea,0x55555558f669,0x7ffff55f90a3,0x7ffff55f952c,0x7ffff55f84de,0x7ffff55f84c3,0x55555559406a,0x5555555ad133,0x5555555c98e8,0x55555558f624,0x55555559a55b,0x5555555919ce,0x7ffff4598ae4,0x555555605f92,0x5555555abb66,0x555555596c37,0x55555558cd0f,0x7ffff55c3e94,0x55555558f665,0x55555558f662,0x55555558f65b,0x7ffff55ff189,0x555555593268,0x5555555abb05,0x5555555aa2f8,0x555555661012,0x7ffff5623e16,0x7ffff55c1947,0x5555555aba50,0x5555555ab0a5,0x7ffff55f5350,0x555555596be6,0x7ffff55f9731,0x7ffff55c0cc5,0x55555566421a,0x5555555b4cf5,0x5555555abb45,0x7ffff5623dfe,0x7ffff55f7dac,0x7ffff55f536a,0x7ffff55f8c9a,0x7ffff55cc814,0x7ffff55f66eb,0x7ffff55fe6ed,0x7ffff55f6c9f,0x7ffff55faf48,0x5555555ab058,0x555555597d76,0x5555555ab9f8,0x7ffff55c1149,0x555555593800,0x7ffff55cc887,0x5555555abb57,0x7ffff4b54e2e,0x7ffff562369f,0x7ffff55f979f,0x7ffff55f7247,0x7ffff5623de8,0x7ffff4576a64,0x7ffff55c1650,0x5555555ad35f,0x5555555c98ec,0x5555555b8622,0x55555558fb20,0x7ffff55fbaf1,0x5555555ad323,0x7ffff55fc58f,0x7ffff55f6c91,0x5555555aa2d4,0x7ffff45762b7,0x55555559ef11,0x55555559195b,0x7ffff55f7e69,0x7ffff5623e2e,0x7ffff55fa10f,0x7ffff55ff1fa,0x7ffff55cc86f,0x55555559eab5,0x555555593e62,0x5555555a7bb4,0x7ffff55f9a03,0x7ffff4b54f1e,0x7ffff4b54f28,0x7ffff4b54f4c,0x555555605c9f,0x555555605f8e,0x7ffff55f6715,0x555555605da7,0x5555555a4b9a,0x7ffff55f5376,0x55555559ef1f,0x55555559322a,0x555555591a03,0x7ffff55f5366,0x7ffff55c4191,0x7ffff4580ba6,0x5555555f102b,0x5555555b1ada,0x55555558cb0a,0x5555555ab387,0x555555593098,0x7ffff5623456,0x5555555a8f00,0x7ffff55fa2d4,0x7ffff55fa48e,0x7ffff5623e44,0x5555555ab114,0x5555555ab145,0x7ffff4580a3f,0x7ffff457642f,0x5555555ab3e8,0x7ffff55c15b1,0x5555555a7e94,0x5555555abbc1,0x555555597c17,0x555555589ca0,0x7ffff4580b95,0x555555593090,0x555555605c9a,0x555555593c80,0x5555555b6212,0x555555589c87,0x555555596b4f,0x555555589c58,0x555555591ac0,0x7ffff55f5396,0x555555605d7a,0x5555555a8f15,0x7ffff55c42c7,0x5555555a8f47,0x7ffff55ff1ec,0x555555591ce6,0x5555555aa2f1,0x7ffff55f9a47,0x5555555a7918,0x5555555a78e2,0x5555555a67cb,0x7ffff55fa40e,0x55555559eaec,0x7ffff55fbb0c,0x55555558f64f,0x7ffff5623453,0x55555558aedd,0x7ffff56234ae,0x7ffff4b542af,0x7ffff4b542c6,0x7ffff4b548c2,0x7ffff55c0901,0x7ffff55c1661,0x7ffff55c1828,0x7ffff55c3f2c,0x7ffff55f6725,0x7ffff55f66f8,0x7ffff55c4478,0x7ffff55f53af,0x7ffff55f538d,0x7ffff55c448e,0x7ffff55f86a3,0x5555555ab094,0x7ffff55f9544,0x7ffff55f934e,0x7ffff55f9343,0x7ffff55f933c,0x7ffff55f9302,0x7ffff4580b8b
100,,,,,,,,,,,,,,,,,,,,,,,,,,,,,,,,,,,,,,,,,,,,,,,,,,,,,,,,,,,,,,,,,,,,,,,,,,,,,,,,,,,,,,,,,,,,,,,,,,,,,,,,,,,,,,,,,,,,,,,,,,,,,,,,,,,,,,,,,,,,,,,,,,,,,,,,,,,,,,,,,,,,,,,,,,,,,,,,,,,,,,,,,,,,,,,,,,,,,,,,,,,,,,,,,,,,,,,,,,,,,,,,,,,,,,,,,,,,,,,,,,,,,,,,,,,,,,,,,,,,,,,,,,,,,,,,,,,,,,,,,,,,,,,,,,,,,,,,,,,,,,,,,,,,,,,,,,,,,,,,,,,,,,,,,,,,,,,,,,,,,,,,,,,,,,,,,,,,,,,,,,,,,,,,,,,,,,,,,,,,,,,,,,,,,,,,,,,,,,,,,,,,,,,,,,,,,,,,,,,,,,,,,,,,,,,,,,,,,,,,,,,,,,,,,,,,,,,,,,,,,,,,,,,,,,,,,,,,,,,,,,,,,,,,,,,,,
95,,,,,,,,,,,,,,,,,,,,,,,,,,,,,,,,,,,,,,,,,,,,,,,,,,,,,,,,,,,,,,,,,,,,,,,,,,,,,,,,,,,,,,,,,,,,,,,,,,,,,,,,,,,,,,,,,,,,,,,,,,,,,,,,,,,,,,,,,,,,,,,,,,,,,,,,,,,,,,,,,,,,,,,,,,,,,,,,,,,,,,,,,,,,,,,,,,,,,,,,,,,,,,,,,,,,,,,,,,,,,,,,,,,,,,,,,,,,,,,,,,,,,,,,,,,,,,,,,,,,,,,,,,,,,,,,,,,,,,,,,,,,,,,,,,,,,,,,,,,,,,,,,,,,,,,,,,,,,,,,,,,,,,,,,,,,,,,,,,,,,,,,,,,,,,,,,,,,,,,,,,,,,,,,,,,,,,,,,,,,,,,,,,,,,,,,,,,,,,,,,,,,,,,,,,,,,,,,,,,,,,,,,,,,,,,,,,,,,,,,,,,,,,,,,,,,,,,,,,,,,,,,,,,,,,,,,,,,,,,,,,,,,,,,,,,,,
90,0.0,1.0,2.0,3.0,4.0,5.0,6.0,7.0,8.0,9.0,10.0,11.0,12.0,13.0,14.0,15.0,16.0,17.0,18.0,19.0,20.0,21.0,22.0,23.0,24.0,25.0,26.0,27.0,28.0,29.0,30.0,31.0,32.0,33.0,34.0,35.0,36.0,37.0,38.0,39.0,40.0,41.0,42.0,43.0,44.0,45.0,46.0,47.0,48.0,49.0,50.0,51.0,52.0,53.0,54.0,55.0,56.0,57.0,58.0,59.0,60.0,61.0,62.0,63.0,64.0,65.0,66.0,67.0,68.0,69.0,70.0,71.0,72.0,73.0,74.0,75.0,76.0,77.0,78.0,79.0,80.0,81.0,82.0,83.0,84.0,85.0,86.0,87.0,88.0,89.0,90.0,91.0,92.0,93.0,94.0,95.0,96.0,97.0,98.0,99.0,100.0,101.0,102.0,103.0,104.0,105.0,106.0,107.0,108.0,109.0,110.0,111.0,112.0,113.0,114.0,115.0,116.0,117.0,118.0,119.0,120.0,121.0,122.0,123.0,124.0,125.0,126.0,127.0,128.0,,,,,,,,,,,,,,,,,,,,,,,,,,,,,,,,,,,,,,,,,,170.0,171.0,172.0,173.0,,,,,,,,,,,,,,,188.0,189.0,,,,,,,,,,,,,,,,,,,,,,,,,,,,,,,,221.0,222.0,,,,,,,,,,,,,,,,,,,,,,,,,,,,,,,,,,,,,,,,,263.0,,,,,,,,,,,,,276.0,277.0,278.0,,,,,,,,,,,,,291.0,292.0,,,,,,,,,,,,,,,,,,,,,,,,,,318.0,,,,,,,,,,,,,,,,334.0,,,,,,,,,,,,,,,,,351.0,,,,,,,,,,,,,,,,,,,,,,,,,,,,,,,,,,,,,,,,,,,,,,,,,,,,,,,,,,,,,,,,,,,,,,,,,424.0,,,,,,,,,,,,,,,,,,,,,,,,,,,,,,,,,,,,,,,,,,,,,,,,,,,,,,,,,,,,,,,,,,,,
85,0.0,1.0,2.0,3.0,4.0,5.0,6.0,7.0,8.0,9.0,10.0,11.0,12.0,13.0,14.0,15.0,16.0,17.0,18.0,19.0,20.0,21.0,22.0,23.0,24.0,25.0,26.0,27.0,28.0,29.0,30.0,31.0,32.0,33.0,34.0,35.0,36.0,37.0,38.0,39.0,40.0,41.0,42.0,43.0,44.0,45.0,46.0,47.0,48.0,49.0,50.0,51.0,52.0,53.0,54.0,55.0,56.0,57.0,58.0,59.0,60.0,61.0,62.0,63.0,64.0,65.0,66.0,67.0,68.0,69.0,70.0,71.0,72.0,73.0,74.0,75.0,76.0,77.0,78.0,79.0,80.0,81.0,82.0,83.0,84.0,85.0,86.0,87.0,88.0,89.0,90.0,91.0,92.0,93.0,94.0,95.0,96.0,97.0,98.0,99.0,100.0,101.0,102.0,103.0,104.0,105.0,106.0,107.0,108.0,109.0,110.0,111.0,112.0,113.0,114.0,115.0,116.0,117.0,118.0,119.0,120.0,121.0,122.0,123.0,124.0,125.0,126.0,127.0,128.0,129.0,130.0,131.0,132.0,133.0,134.0,135.0,136.0,137.0,138.0,139.0,140.0,141.0,142.0,143.0,144.0,145.0,146.0,147.0,148.0,149.0,150.0,151.0,152.0,153.0,154.0,155.0,156.0,157.0,158.0,159.0,160.0,161.0,162.0,163.0,164.0,165.0,166.0,167.0,168.0,169.0,170.0,171.0,,173.0,174.0,175.0,176.0,177.0,178.0,179.0,180.0,181.0,182.0,183.0,184.0,185.0,186.0,,188.0,189.0,190.0,191.0,192.0,193.0,194.0,195.0,196.0,197.0,198.0,199.0,200.0,,,,,,,207.0,208.0,209.0,210.0,211.0,212.0,213.0,214.0,215.0,216.0,,,,,,,223.0,224.0,225.0,226.0,227.0,,,,,,,,,,,,,,,242.0,243.0,244.0,,,,,,250.0,251.0,252.0,253.0,254.0,,,,,,,,,263.0,264.0,,,,,,,,,,,,,277.0,,,,,,,,,,,,,,,,293.0,,,,,,,,,,,,,,,,,,,,,,,,,318.0,319.0,,,,,,,,,,,,,,,334.0,,,,,,,,,,,,,,,,,,,,,,,,,,,,,,,,,,,,,,,,,,,,,,,,,,384.0,,,,,,,,,,,,,,,,,,,,,,,,,,,,,,,,,,,,,,,,,,,,,,,,,,,,,,,,,,,,,,,,,,,,,,,,,,,,,,,,,,,,,,,,,,,,,,,,,,,,,,,,,,,,
80,0.0,1.0,2.0,3.0,4.0,5.0,6.0,7.0,8.0,9.0,10.0,11.0,12.0,13.0,14.0,15.0,16.0,17.0,18.0,19.0,20.0,21.0,22.0,23.0,24.0,25.0,26.0,27.0,28.0,29.0,30.0,31.0,32.0,33.0,34.0,35.0,36.0,37.0,38.0,39.0,40.0,41.0,42.0,43.0,44.0,45.0,46.0,47.0,48.0,49.0,50.0,51.0,52.0,53.0,54.0,55.0,56.0,57.0,58.0,59.0,60.0,61.0,62.0,63.0,64.0,65.0,66.0,67.0,68.0,69.0,70.0,71.0,72.0,73.0,74.0,75.0,76.0,77.0,78.0,79.0,80.0,81.0,82.0,83.0,84.0,85.0,86.0,87.0,88.0,89.0,90.0,91.0,92.0,93.0,94.0,95.0,96.0,97.0,98.0,99.0,100.0,101.0,102.0,103.0,104.0,105.0,106.0,107.0,108.0,109.0,110.0,111.0,112.0,113.0,114.0,115.0,116.0,117.0,118.0,119.0,120.0,121.0,122.0,123.0,124.0,125.0,126.0,127.0,,129.0,130.0,131.0,132.0,133.0,134.0,135.0,136.0,137.0,138.0,139.0,140.0,141.0,142.0,143.0,144.0,145.0,146.0,147.0,148.0,149.0,150.0,151.0,152.0,153.0,154.0,155.0,156.0,157.0,158.0,159.0,160.0,161.0,162.0,163.0,164.0,165.0,166.0,167.0,168.0,169.0,,,172.0,173.0,174.0,175.0,176.0,177.0,178.0,179.0,,181.0,,,,185.0,,187.0,,,,,,,,,,,198.0,,200.0,201.0,202.0,203.0,,,,,,,,,,,,,216.0,,,,,,222.0,,,,,,228.0,229.0,230.0,,,,,,,,,,,,,,,,,,,,,,,,,255.0,,,,,,,,,,265.0,,,,,,,,,,,,277.0,,279.0,280.0,,,,,,,,,,,291.0,292.0,,,,,,,,,,,,,,306.0,307.0,,,,,,,,,,,,,320.0,,,,,,,,,,,,,,,,,,,,,,,,,,,,,,,,352.0,353.0,,,,,,,,,,,,,,,,,,,,,,,,,,,,,,,,385.0,,,,,,,,,,,,,,,,,,,,,,,,,,,,,,,,,,,,,,,,,,,,,,,,,,,,,,,,,,,,,,,,,,,,,,,,,,,,,,,,,,,,,,,,,,,,,,,,,,,,,,,,,,,
75,0.0,1.0,2.0,3.0,4.0,5.0,6.0,7.0,8.0,9.0,10.0,11.0,12.0,13.0,14.0,15.0,16.0,17.0,18.0,19.0,20.0,21.0,22.0,23.0,24.0,25.0,26.0,27.0,28.0,29.0,30.0,31.0,32.0,33.0,34.0,35.0,36.0,37.0,38.0,39.0,40.0,41.0,42.0,43.0,44.0,45.0,46.0,47.0,48.0,49.0,50.0,51.0,52.0,53.0,54.0,55.0,56.0,57.0,58.0,59.0,60.0,61.0,62.0,63.0,64.0,65.0,66.0,67.0,68.0,69.0,70.0,71.0,72.0,73.0,74.0,75.0,76.0,77.0,78.0,79.0,80.0,81.0,82.0,83.0,84.0,85.0,86.0,87.0,88.0,89.0,90.0,91.0,92.0,93.0,94.0,95.0,96.0,97.0,98.0,99.0,100.0,101.0,102.0,103.0,104.0,105.0,106.0,107.0,108.0,109.0,110.0,111.0,112.0,113.0,114.0,115.0,116.0,117.0,118.0,119.0,120.0,121.0,122.0,123.0,124.0,125.0,,127.0,128.0,129.0,130.0,131.0,132.0,133.0,134.0,135.0,136.0,137.0,138.0,139.0,140.0,141.0,142.0,143.0,144.0,145.0,146.0,147.0,148.0,149.0,150.0,151.0,152.0,153.0,154.0,155.0,156.0,157.0,158.0,159.0,160.0,161.0,162.0,163.0,164.0,165.0,166.0,167.0,168.0,169.0,,,172.0,173.0,,,,,,,180.0,181.0,182.0,183.0,184.0,185.0,186.0,187.0,188.0,,,,,,,195.0,,,198.0,199.0,,,,203.0,204.0,205.0,206.0,,,,,,,,,,216.0,217.0,218.0,,,221.0,222.0,,,,,,228.0,,,231.0,232.0,,,,,,,,,,,,,245.0,246.0,,,,,,,,,255.0,256.0,257.0,258.0,,,,,,,,266.0,267.0,,,,,,,,,,,,,,,,,,,,,,,,,,,294.0,295.0,296.0,,,,,,,,,,,,,,,,,,,,,,,,,,,,,,,,,,,,,,,,,,,,,,,,,,,,,,,,,,354.0,,,,,,,,,,,,,,,,,,,,,,,,,,,,,,,,,,,,,,,,,,,,,,,,,,,,,,,,,,,,,,,,,,,,,,,,,,,,,,,,,,,,,,,,,,,,,,,,,,,,,,,,,,,,,,,,,,,,,,,,,,,,,,,,,,,,,,,,,,
70,0.0,1.0,2.0,3.0,4.0,5.0,6.0,7.0,8.0,9.0,10.0,11.0,12.0,13.0,14.0,15.0,16.0,17.0,18.0,19.0,20.0,21.0,22.0,23.0,24.0,25.0,26.0,27.0,28.0,29.0,30.0,31.0,32.0,33.0,34.0,35.0,36.0,37.0,38.0,39.0,40.0,41.0,42.0,43.0,44.0,45.0,46.0,47.0,48.0,49.0,50.0,51.0,52.0,53.0,54.0,55.0,56.0,57.0,58.0,59.0,60.0,61.0,62.0,63.0,64.0,65.0,66.0,67.0,68.0,69.0,70.0,71.0,72.0,73.0,74.0,75.0,76.0,77.0,78.0,79.0,80.0,81.0,82.0,83.0,84.0,85.0,86.0,87.0,88.0,89.0,90.0,91.0,92.0,93.0,94.0,95.0,96.0,97.0,98.0,99.0,100.0,101.0,102.0,103.0,104.0,105.0,106.0,107.0,108.0,109.0,110.0,111.0,112.0,113.0,114.0,115.0,116.0,117.0,118.0,119.0,120.0,121.0,122.0,123.0,,,126.0,127.0,128.0,129.0,130.0,131.0,132.0,133.0,134.0,135.0,136.0,137.0,138.0,139.0,140.0,141.0,142.0,143.0,144.0,145.0,146.0,147.0,148.0,149.0,150.0,151.0,152.0,153.0,154.0,155.0,156.0,157.0,158.0,159.0,160.0,161.0,162.0,163.0,164.0,165.0,166.0,167.0,168.0,169.0,170.0,171.0,172.0,173.0,174.0,175.0,176.0,177.0,178.0,179.0,180.0,181.0,182.0,183.0,184.0,185.0,186.0,187.0,188.0,189.0,190.0,191.0,192.0,193.0,194.0,,196.0,197.0,,199.0,200.0,201.0,202.0,203.0,204.0,205.0,206.0,,208.0,,,,212.0,213.0,214.0,215.0,216.0,217.0,218.0,219.0,220.0,221.0,,,,,226.0,,228.0,229.0,230.0,,,233.0,234.0,235.0,236.0,237.0,238.0,,,,,,244.0,,,,,,,,,,,255.0,,,,259.0,260.0,,,,,,,,,,,,,,,,,,,,,,,,,,,,,,,291.0,,,,,,297.0,298.0,,,,,,,,,,,,,,,,,,,,,319.0,320.0,321.0,,,,,,,,,,,,,,,,,,,,,,,,,,,,,,,,,,,,,,,,,,,,,,,,,,,,,,,,,,,,,,,,,,,,,,,,,,,,,,,,,,,,,,,,,,,,,,,,,,,,,,,,,,,,,,,,,,,,,,,,,,,,,,,,,,,,,,,,,,,,,,,,,,,,,,,,,,,,,,,,,,,,,,,,,,,
65,0.0,1.0,2.0,3.0,4.0,5.0,6.0,7.0,8.0,9.0,10.0,11.0,12.0,13.0,14.0,15.0,16.0,17.0,18.0,19.0,20.0,21.0,22.0,23.0,24.0,25.0,26.0,27.0,28.0,29.0,30.0,31.0,32.0,33.0,34.0,35.0,36.0,37.0,38.0,39.0,40.0,41.0,42.0,43.0,44.0,45.0,46.0,47.0,48.0,49.0,50.0,51.0,52.0,53.0,54.0,55.0,56.0,57.0,58.0,59.0,60.0,61.0,62.0,63.0,64.0,65.0,66.0,67.0,68.0,69.0,70.0,71.0,72.0,73.0,74.0,75.0,76.0,77.0,78.0,79.0,80.0,81.0,82.0,83.0,84.0,85.0,86.0,87.0,88.0,89.0,90.0,91.0,92.0,93.0,94.0,95.0,96.0,97.0,98.0,99.0,100.0,101.0,102.0,103.0,104.0,105.0,106.0,107.0,108.0,109.0,110.0,111.0,112.0,113.0,114.0,115.0,116.0,117.0,118.0,119.0,120.0,121.0,,,124.0,125.0,126.0,127.0,128.0,129.0,130.0,131.0,132.0,133.0,134.0,135.0,136.0,137.0,138.0,139.0,140.0,141.0,142.0,143.0,144.0,145.0,146.0,147.0,148.0,149.0,150.0,151.0,152.0,153.0,154.0,155.0,156.0,157.0,158.0,159.0,160.0,161.0,162.0,163.0,164.0,165.0,166.0,167.0,168.0,169.0,170.0,171.0,172.0,173.0,174.0,175.0,176.0,177.0,178.0,179.0,180.0,181.0,182.0,183.0,184.0,185.0,186.0,187.0,,189.0,190.0,191.0,192.0,193.0,194.0,195.0,196.0,197.0,198.0,199.0,200.0,201.0,202.0,,204.0,205.0,206.0,207.0,208.0,209.0,210.0,211.0,,213.0,214.0,,,217.0,,219.0,220.0,221.0,222.0,223.0,224.0,,226.0,,228.0,,,231.0,232.0,233.0,234.0,235.0,236.0,237.0,238.0,239.0,240.0,241.0,,243.0,,,246.0,247.0,248.0,,,251.0,,253.0,254.0,255.0,,,258.0,259.0,260.0,261.0,262.0,263.0,,,,,268.0,269.0,270.0,271.0,,,,,,,278.0,,,281.0,282.0,283.0,284.0,,,,,,,291.0,,,,,,297.0,298.0,299.0,300.0,,,,,,,,,,,,,,,,,,,319.0,,,,,,,,,,,,,,,,335.0,,,,,,,,,,,,,,,,,,,,355.0,,,,,,,,,,,,,,,,,,,,,,,,,,,,,,,386.0,387.0,,,,,,,,,,,,,,,,,,,,,,,,,,,,,,,,,,,,,,425.0,,,,,,,,,,,,,,,,,,,,,,,,,,,,,,,,,,,,,,,,,,,,,,,,,,,,,,,,,,,,,,,,,,,
60,0.0,1.0,2.0,3.0,4.0,5.0,6.0,7.0,8.0,9.0,10.0,11.0,12.0,13.0,14.0,15.0,16.0,17.0,18.0,19.0,20.0,21.0,22.0,23.0,24.0,25.0,26.0,27.0,28.0,29.0,30.0,31.0,32.0,33.0,34.0,35.0,36.0,37.0,38.0,39.0,40.0,41.0,42.0,43.0,44.0,45.0,46.0,47.0,48.0,49.0,50.0,51.0,52.0,53.0,54.0,55.0,56.0,57.0,58.0,59.0,60.0,61.0,62.0,63.0,64.0,65.0,66.0,67.0,68.0,69.0,70.0,71.0,72.0,73.0,74.0,75.0,76.0,77.0,78.0,79.0,80.0,81.0,82.0,83.0,84.0,85.0,86.0,87.0,88.0,89.0,90.0,91.0,92.0,93.0,94.0,95.0,96.0,97.0,98.0,99.0,100.0,101.0,102.0,103.0,104.0,105.0,106.0,107.0,108.0,109.0,110.0,111.0,112.0,113.0,114.0,115.0,116.0,117.0,118.0,119.0,120.0,121.0,122.0,123.0,124.0,125.0,126.0,,128.0,129.0,130.0,131.0,132.0,133.0,134.0,135.0,136.0,137.0,138.0,139.0,140.0,141.0,142.0,143.0,144.0,145.0,146.0,147.0,148.0,149.0,150.0,151.0,152.0,153.0,154.0,155.0,156.0,157.0,158.0,159.0,160.0,161.0,162.0,163.0,164.0,165.0,166.0,167.0,168.0,169.0,170.0,171.0,,,174.0,175.0,176.0,177.0,178.0,179.0,180.0,181.0,182.0,183.0,184.0,,186.0,187.0,188.0,,190.0,191.0,192.0,193.0,194.0,195.0,196.0,197.0,198.0,199.0,200.0,201.0,202.0,203.0,204.0,205.0,206.0,207.0,208.0,209.0,210.0,211.0,212.0,,,215.0,,217.0,218.0,219.0,220.0,,222.0,223.0,224.0,225.0,226.0,227.0,,,,231.0,,233.0,,235.0,236.0,237.0,238.0,239.0,240.0,241.0,,,,,,247.0,248.0,249.0,,,,253.0,254.0,255.0,,,258.0,259.0,,261.0,,,,265.0,,,,,270.0,,272.0,,,,,277.0,,,,,282.0,,,285.0,286.0,,,,,,,,,,,,,,,,,,,,306.0,,,,,,,,,,,,,,,321.0,322.0,,,,,,,,,,,,,,,,,,,,,,,,,,,,,351.0,352.0,353.0,,,356.0,,,,,,,,,365.0,366.0,,,,,,,,,,,,,,,,,,,,,,388.0,,,,,,,,,,,,,,,,,,,,,,,,,,,,,,,,,,,,,,426.0,,,,,,,,,,,,,,,,,,,,,,,,,,,,,,,,,,,,,,,,,,,,,,,,,,,,,,,,,,,,,,,,,,
55,0.0,1.0,2.0,3.0,4.0,5.0,6.0,7.0,8.0,9.0,10.0,11.0,12.0,13.0,14.0,15.0,16.0,17.0,18.0,19.0,20.0,21.0,22.0,23.0,24.0,25.0,26.0,27.0,28.0,29.0,30.0,31.0,32.0,33.0,34.0,35.0,36.0,37.0,38.0,39.0,40.0,41.0,42.0,43.0,44.0,45.0,46.0,47.0,48.0,49.0,50.0,51.0,52.0,53.0,54.0,55.0,56.0,57.0,58.0,59.0,60.0,61.0,62.0,63.0,64.0,65.0,66.0,67.0,68.0,69.0,70.0,71.0,72.0,73.0,74.0,75.0,76.0,77.0,78.0,79.0,80.0,81.0,82.0,83.0,84.0,85.0,86.0,87.0,88.0,89.0,90.0,91.0,92.0,93.0,94.0,95.0,96.0,97.0,98.0,99.0,100.0,101.0,102.0,103.0,104.0,105.0,106.0,107.0,108.0,109.0,110.0,111.0,112.0,113.0,114.0,115.0,116.0,117.0,118.0,119.0,120.0,121.0,122.0,123.0,124.0,125.0,126.0,127.0,128.0,129.0,130.0,131.0,132.0,133.0,134.0,135.0,136.0,137.0,138.0,139.0,140.0,141.0,142.0,143.0,144.0,145.0,146.0,147.0,148.0,149.0,150.0,151.0,152.0,153.0,154.0,155.0,156.0,157.0,158.0,159.0,160.0,161.0,162.0,163.0,164.0,165.0,166.0,167.0,168.0,169.0,170.0,171.0,172.0,173.0,174.0,175.0,176.0,177.0,178.0,179.0,180.0,181.0,182.0,183.0,184.0,185.0,186.0,187.0,188.0,189.0,190.0,191.0,192.0,193.0,194.0,195.0,196.0,197.0,198.0,199.0,200.0,201.0,202.0,203.0,204.0,205.0,206.0,207.0,,209.0,210.0,211.0,212.0,213.0,214.0,215.0,216.0,,218.0,219.0,220.0,221.0,,,,225.0,,227.0,,229.0,230.0,,232.0,233.0,234.0,235.0,236.0,237.0,238.0,239.0,240.0,241.0,242.0,243.0,,245.0,246.0,247.0,,249.0,250.0,,252.0,,,,256.0,257.0,258.0,,,261.0,262.0,263.0,,,,,,,,,,,,,,,,,,,,283.0,,,,287.0,,,,291.0,292.0,,294.0,295.0,296.0,,,,,301.0,,,,,,,308.0,,,,,,,,,,,,,321.0,322.0,,,,,,,,,,,,,,,,,,,,,,,,,,,,,,,,,,,357.0,,,,,,,,,,,,,,,,,,,,,,,,,,,,385.0,,,,,,,,,,,,,,,,,,,,,,,,,,,,,,,,,,,,,,,,,,,,,,,,,,,,,,,,,,,,,,,,,,,,,,,,,,,,,,,,,,,,,,,,,,,,,,,,,,,,,,,,,,,
50,0.0,1.0,2.0,3.0,4.0,5.0,6.0,7.0,8.0,9.0,10.0,11.0,12.0,13.0,14.0,15.0,16.0,17.0,18.0,19.0,20.0,21.0,22.0,23.0,24.0,25.0,26.0,27.0,28.0,29.0,30.0,31.0,32.0,33.0,34.0,35.0,36.0,37.0,38.0,39.0,40.0,41.0,42.0,43.0,44.0,45.0,46.0,47.0,48.0,49.0,50.0,51.0,52.0,53.0,54.0,55.0,56.0,57.0,58.0,59.0,60.0,61.0,62.0,63.0,64.0,65.0,66.0,67.0,68.0,69.0,70.0,71.0,72.0,73.0,74.0,75.0,76.0,77.0,78.0,79.0,80.0,81.0,82.0,83.0,84.0,85.0,86.0,87.0,88.0,89.0,90.0,91.0,92.0,93.0,94.0,95.0,96.0,97.0,98.0,99.0,100.0,101.0,102.0,103.0,104.0,105.0,106.0,107.0,108.0,109.0,110.0,111.0,112.0,113.0,114.0,115.0,116.0,117.0,118.0,119.0,120.0,121.0,122.0,123.0,124.0,125.0,126.0,127.0,128.0,129.0,130.0,131.0,132.0,133.0,134.0,135.0,136.0,137.0,138.0,139.0,140.0,141.0,142.0,143.0,144.0,145.0,146.0,147.0,148.0,149.0,150.0,151.0,152.0,153.0,154.0,155.0,156.0,157.0,158.0,159.0,160.0,161.0,162.0,163.0,164.0,165.0,166.0,167.0,168.0,169.0,170.0,171.0,172.0,173.0,174.0,175.0,176.0,177.0,178.0,179.0,180.0,181.0,182.0,183.0,184.0,185.0,186.0,187.0,,189.0,190.0,191.0,192.0,193.0,194.0,195.0,196.0,197.0,,,200.0,201.0,202.0,203.0,204.0,205.0,206.0,207.0,208.0,209.0,210.0,211.0,212.0,213.0,214.0,215.0,216.0,217.0,218.0,219.0,220.0,,222.0,223.0,224.0,225.0,,227.0,228.0,229.0,230.0,231.0,232.0,,234.0,,,,,239.0,240.0,241.0,242.0,,244.0,245.0,246.0,247.0,248.0,249.0,250.0,,,,,255.0,256.0,257.0,258.0,259.0,,,262.0,,264.0,,266.0,267.0,268.0,,270.0,,,273.0,274.0,275.0,,,278.0,,280.0,,282.0,283.0,,285.0,,287.0,288.0,,,,,,294.0,295.0,,297.0,298.0,,,,302.0,,,,306.0,,,309.0,,,,,,,,,,,,321.0,322.0,,,,,,,,,,,,,,336.0,337.0,,,,,,,,,,,,,,,,,,,,,358.0,,,,,,,,,367.0,,,,,,,,,,,,,,,,,,,,,,389.0,390.0,391.0,,,,,,,,,,,,,,,,,,,,,,,,,,,,,,,,,,,,,,,,,,,,,,,,,,,,,,,,,,,,,,,,,,,,,,,,,,,,,,,,,,,,,,,,,,,,,,,,,,,,,
45,0.0,1.0,2.0,3.0,4.0,5.0,6.0,7.0,8.0,9.0,10.0,11.0,12.0,13.0,14.0,15.0,16.0,17.0,18.0,19.0,20.0,21.0,22.0,23.0,24.0,25.0,26.0,27.0,28.0,29.0,30.0,31.0,32.0,33.0,34.0,35.0,36.0,37.0,38.0,39.0,40.0,41.0,42.0,43.0,44.0,45.0,46.0,47.0,48.0,49.0,50.0,51.0,52.0,53.0,54.0,55.0,56.0,57.0,58.0,59.0,60.0,61.0,62.0,63.0,64.0,65.0,66.0,67.0,68.0,69.0,70.0,71.0,72.0,73.0,74.0,75.0,76.0,77.0,78.0,79.0,80.0,81.0,82.0,83.0,84.0,85.0,86.0,87.0,88.0,89.0,90.0,91.0,92.0,93.0,94.0,95.0,96.0,97.0,98.0,99.0,100.0,101.0,102.0,103.0,104.0,105.0,106.0,107.0,108.0,109.0,110.0,111.0,112.0,113.0,114.0,115.0,116.0,117.0,118.0,119.0,120.0,121.0,122.0,123.0,124.0,125.0,126.0,127.0,128.0,129.0,130.0,131.0,132.0,133.0,134.0,135.0,136.0,137.0,138.0,139.0,140.0,141.0,142.0,143.0,144.0,145.0,146.0,147.0,148.0,149.0,150.0,151.0,152.0,153.0,154.0,155.0,156.0,157.0,158.0,159.0,160.0,161.0,162.0,163.0,164.0,165.0,166.0,167.0,168.0,169.0,170.0,171.0,172.0,173.0,174.0,175.0,176.0,177.0,178.0,179.0,180.0,181.0,182.0,183.0,184.0,185.0,186.0,187.0,188.0,189.0,190.0,191.0,192.0,193.0,194.0,195.0,196.0,197.0,198.0,199.0,200.0,201.0,202.0,203.0,204.0,205.0,206.0,207.0,208.0,209.0,210.0,211.0,212.0,213.0,214.0,215.0,216.0,217.0,218.0,219.0,220.0,,222.0,223.0,224.0,225.0,226.0,227.0,,229.0,230.0,231.0,232.0,233.0,234.0,235.0,236.0,237.0,238.0,239.0,240.0,241.0,242.0,243.0,244.0,245.0,,,248.0,249.0,,251.0,252.0,253.0,254.0,255.0,,,,259.0,260.0,261.0,262.0,,,265.0,,,,269.0,270.0,271.0,272.0,273.0,274.0,275.0,276.0,277.0,278.0,279.0,,,282.0,,,285.0,286.0,,288.0,289.0,290.0,,,,,,,297.0,,299.0,300.0,,,303.0,304.0,,306.0,307.0,308.0,,,,,,,,,,,,320.0,,322.0,323.0,,,,,,,,,,,,,,,338.0,,,,,,,,,,,,,,,,354.0,355.0,,,,359.0,,,,,,,,,,,,,,,,,,,,,,,,,,,,,,,,,392.0,393.0,394.0,395.0,,,,,,,,,,,,,,,,,,,,,,,,,,,,,,,,,,,,,,,,,,,,,,,,,,,,,,,,,,,,,,,,,,,,,,,,,,,,,,,,,,,,,,,,,,,,,,,,,
40,0.0,1.0,2.0,3.0,4.0,5.0,6.0,7.0,8.0,9.0,10.0,11.0,12.0,13.0,14.0,15.0,16.0,17.0,18.0,19.0,20.0,21.0,22.0,23.0,24.0,25.0,26.0,27.0,28.0,29.0,30.0,31.0,32.0,33.0,34.0,35.0,36.0,37.0,38.0,39.0,40.0,41.0,42.0,43.0,44.0,45.0,46.0,47.0,48.0,49.0,50.0,51.0,52.0,53.0,54.0,55.0,56.0,57.0,58.0,59.0,60.0,61.0,62.0,63.0,64.0,65.0,66.0,67.0,68.0,69.0,70.0,71.0,72.0,73.0,74.0,75.0,76.0,77.0,78.0,79.0,80.0,81.0,82.0,83.0,84.0,85.0,86.0,87.0,88.0,89.0,90.0,91.0,92.0,93.0,94.0,95.0,96.0,97.0,98.0,99.0,100.0,101.0,102.0,103.0,104.0,105.0,106.0,107.0,108.0,109.0,110.0,111.0,112.0,113.0,114.0,115.0,116.0,117.0,118.0,119.0,120.0,121.0,122.0,123.0,124.0,125.0,126.0,127.0,128.0,129.0,130.0,131.0,132.0,133.0,134.0,135.0,136.0,137.0,138.0,139.0,140.0,141.0,142.0,143.0,144.0,145.0,146.0,147.0,148.0,149.0,150.0,151.0,152.0,153.0,154.0,155.0,156.0,157.0,158.0,159.0,160.0,161.0,162.0,163.0,164.0,165.0,166.0,167.0,168.0,169.0,170.0,171.0,172.0,173.0,174.0,175.0,176.0,177.0,178.0,179.0,180.0,,182.0,183.0,184.0,185.0,186.0,187.0,188.0,189.0,190.0,191.0,192.0,193.0,194.0,195.0,196.0,197.0,198.0,199.0,200.0,201.0,202.0,203.0,204.0,205.0,206.0,207.0,208.0,209.0,210.0,211.0,212.0,213.0,214.0,215.0,,217.0,218.0,219.0,220.0,221.0,222.0,223.0,224.0,225.0,226.0,227.0,228.0,229.0,230.0,231.0,232.0,233.0,234.0,235.0,236.0,237.0,238.0,239.0,240.0,241.0,242.0,243.0,244.0,245.0,246.0,247.0,248.0,249.0,250.0,251.0,252.0,253.0,254.0,,256.0,257.0,258.0,259.0,260.0,261.0,262.0,263.0,264.0,,266.0,267.0,268.0,269.0,270.0,271.0,272.0,273.0,274.0,275.0,276.0,,,279.0,280.0,281.0,282.0,,284.0,,286.0,,,289.0,290.0,,,,294.0,295.0,296.0,,,,,301.0,302.0,,,305.0,,,,,310.0,311.0,312.0,313.0,,,,,,319.0,320.0,,,,324.0,325.0,326.0,,,,,,,,,,,,,339.0,,,,,,,,,,,,,,,,,,,,,,,,,,365.0,,,368.0,,,,,,,,,,,,,,,,,,,,,,,,,,,,396.0,,,,,,,,,,,,,,,,,,,,,,,,,,,,,,,427.0,428.0,,,,,,,,,,,,,,,,,,,,,,,,,,,,,,,,,,,,,,,,,,,,,,,,,,,,,,,,,,,,,,,,
35,0.0,1.0,2.0,3.0,4.0,5.0,6.0,7.0,8.0,9.0,10.0,11.0,12.0,13.0,14.0,15.0,16.0,17.0,18.0,19.0,20.0,21.0,22.0,23.0,24.0,25.0,26.0,27.0,28.0,29.0,30.0,31.0,32.0,33.0,34.0,35.0,36.0,37.0,38.0,39.0,40.0,41.0,42.0,43.0,44.0,45.0,46.0,47.0,48.0,49.0,50.0,51.0,52.0,53.0,54.0,55.0,56.0,57.0,58.0,59.0,60.0,61.0,62.0,63.0,64.0,65.0,66.0,67.0,68.0,69.0,70.0,71.0,72.0,73.0,74.0,75.0,76.0,77.0,78.0,79.0,80.0,81.0,82.0,83.0,84.0,85.0,86.0,87.0,88.0,89.0,90.0,91.0,92.0,93.0,94.0,95.0,96.0,97.0,98.0,99.0,100.0,101.0,102.0,103.0,104.0,105.0,106.0,107.0,108.0,109.0,110.0,111.0,112.0,113.0,114.0,115.0,116.0,117.0,118.0,119.0,120.0,121.0,122.0,123.0,124.0,125.0,126.0,127.0,128.0,129.0,130.0,131.0,132.0,133.0,134.0,135.0,136.0,137.0,138.0,139.0,140.0,141.0,142.0,143.0,144.0,145.0,146.0,147.0,148.0,149.0,150.0,151.0,152.0,153.0,154.0,155.0,156.0,157.0,158.0,159.0,160.0,161.0,162.0,163.0,164.0,165.0,166.0,167.0,168.0,169.0,170.0,171.0,172.0,,174.0,175.0,176.0,177.0,178.0,179.0,180.0,181.0,182.0,183.0,184.0,185.0,186.0,187.0,188.0,189.0,190.0,191.0,192.0,193.0,194.0,195.0,196.0,197.0,198.0,199.0,200.0,201.0,202.0,203.0,204.0,205.0,206.0,207.0,208.0,209.0,210.0,211.0,212.0,213.0,214.0,215.0,216.0,217.0,218.0,219.0,220.0,221.0,222.0,223.0,224.0,225.0,226.0,227.0,228.0,229.0,230.0,231.0,232.0,233.0,234.0,235.0,236.0,237.0,238.0,239.0,240.0,241.0,242.0,243.0,244.0,245.0,246.0,247.0,248.0,249.0,250.0,251.0,252.0,,,255.0,256.0,257.0,258.0,,260.0,,,,264.0,265.0,266.0,267.0,268.0,269.0,270.0,271.0,272.0,273.0,274.0,275.0,276.0,,278.0,,,281.0,282.0,,284.0,,,287.0,288.0,289.0,290.0,,292.0,293.0,294.0,295.0,,,,299.0,,,,303.0,304.0,305.0,,,,309.0,,,312.0,,314.0,315.0,316.0,317.0,,,,,322.0,,,,326.0,327.0,328.0,,,,,,,335.0,,,,339.0,340.0,341.0,342.0,343.0,344.0,345.0,,,,,,,,,354.0,,,,,,360.0,,,,,,,,,369.0,,,,,,,,,,,,,,,,,,,,,,,,,,,,397.0,,,,,,,,,,,,,,,,,,,,,,,,,,,,,,,,429.0,,,,,,,,,,,,,,,,,,,,,,,,,,,,,,,,,,,,,,,,,,,,,,,,,,,,,,,,,,,,,,,
30,0.0,1.0,2.0,3.0,4.0,5.0,6.0,7.0,8.0,9.0,10.0,11.0,12.0,13.0,14.0,15.0,16.0,17.0,18.0,19.0,20.0,21.0,22.0,23.0,24.0,25.0,26.0,27.0,28.0,29.0,30.0,31.0,32.0,33.0,34.0,35.0,36.0,37.0,38.0,39.0,40.0,41.0,42.0,43.0,44.0,45.0,46.0,47.0,48.0,49.0,50.0,51.0,52.0,53.0,54.0,55.0,56.0,57.0,58.0,59.0,60.0,61.0,62.0,63.0,64.0,65.0,66.0,67.0,68.0,69.0,70.0,71.0,72.0,73.0,74.0,75.0,76.0,77.0,78.0,79.0,80.0,81.0,82.0,83.0,84.0,85.0,86.0,87.0,88.0,89.0,90.0,91.0,92.0,93.0,94.0,95.0,96.0,97.0,98.0,99.0,100.0,101.0,102.0,103.0,104.0,105.0,106.0,107.0,108.0,109.0,110.0,111.0,112.0,113.0,114.0,115.0,116.0,117.0,118.0,119.0,120.0,121.0,122.0,123.0,124.0,125.0,126.0,127.0,128.0,129.0,130.0,131.0,132.0,133.0,134.0,135.0,136.0,137.0,138.0,139.0,140.0,141.0,142.0,143.0,144.0,145.0,146.0,147.0,148.0,149.0,150.0,151.0,152.0,153.0,154.0,155.0,156.0,157.0,158.0,159.0,160.0,161.0,162.0,163.0,164.0,165.0,166.0,167.0,168.0,169.0,170.0,171.0,172.0,173.0,174.0,175.0,176.0,177.0,178.0,179.0,180.0,181.0,182.0,183.0,184.0,185.0,186.0,187.0,188.0,189.0,190.0,191.0,192.0,193.0,194.0,195.0,196.0,197.0,198.0,199.0,200.0,201.0,202.0,203.0,204.0,205.0,206.0,207.0,208.0,209.0,210.0,211.0,212.0,213.0,214.0,215.0,216.0,217.0,218.0,219.0,220.0,221.0,222.0,223.0,224.0,225.0,226.0,227.0,228.0,229.0,230.0,231.0,232.0,233.0,234.0,235.0,236.0,237.0,238.0,239.0,240.0,241.0,242.0,243.0,244.0,245.0,246.0,247.0,248.0,249.0,250.0,251.0,252.0,253.0,254.0,,256.0,257.0,,259.0,260.0,261.0,262.0,263.0,264.0,265.0,266.0,267.0,268.0,269.0,270.0,271.0,272.0,273.0,274.0,275.0,,,278.0,279.0,280.0,281.0,282.0,283.0,284.0,285.0,286.0,287.0,288.0,289.0,290.0,,292.0,293.0,,,296.0,,,299.0,300.0,301.0,302.0,303.0,304.0,305.0,,307.0,,,310.0,311.0,,313.0,314.0,315.0,316.0,317.0,318.0,,320.0,,,,,325.0,,327.0,328.0,329.0,330.0,331.0,332.0,333.0,,335.0,,,,,,,342.0,343.0,,,346.0,,,,,,,,,355.0,,,,,,,,,,,,,,369.0,,,,,,,,,,,,,,,,,,,,,,,392.0,,394.0,395.0,,,398.0,399.0,,,,,,,,,,,,,,,,,,,,,,,,,,,,,,,,,,,,,,,,,,,,,,,,,,,,,,,,,,,,,,,,,,,,,,,,,,,,,,,,,,,,,,,,,,,,,
25,0.0,1.0,2.0,3.0,4.0,5.0,6.0,7.0,8.0,9.0,10.0,11.0,12.0,13.0,14.0,15.0,16.0,17.0,18.0,19.0,20.0,21.0,22.0,23.0,24.0,25.0,26.0,27.0,28.0,29.0,30.0,31.0,32.0,33.0,34.0,35.0,36.0,37.0,38.0,39.0,40.0,41.0,42.0,43.0,44.0,45.0,46.0,47.0,48.0,49.0,50.0,51.0,52.0,53.0,54.0,55.0,56.0,57.0,58.0,59.0,60.0,61.0,62.0,63.0,64.0,65.0,66.0,67.0,68.0,69.0,70.0,71.0,72.0,73.0,74.0,75.0,76.0,77.0,78.0,79.0,80.0,81.0,82.0,83.0,84.0,85.0,86.0,87.0,88.0,89.0,90.0,91.0,92.0,93.0,94.0,95.0,96.0,97.0,98.0,99.0,100.0,101.0,102.0,103.0,104.0,105.0,106.0,107.0,108.0,109.0,110.0,111.0,112.0,113.0,114.0,115.0,116.0,117.0,118.0,119.0,120.0,121.0,122.0,123.0,124.0,125.0,126.0,127.0,128.0,129.0,130.0,131.0,132.0,133.0,134.0,135.0,136.0,137.0,138.0,139.0,140.0,141.0,142.0,143.0,144.0,145.0,146.0,147.0,148.0,149.0,150.0,151.0,152.0,153.0,154.0,155.0,156.0,157.0,158.0,159.0,160.0,161.0,162.0,163.0,164.0,165.0,166.0,167.0,168.0,169.0,170.0,171.0,172.0,173.0,174.0,175.0,176.0,177.0,178.0,179.0,180.0,181.0,182.0,183.0,184.0,185.0,186.0,187.0,188.0,189.0,190.0,191.0,192.0,193.0,194.0,195.0,196.0,197.0,198.0,199.0,200.0,201.0,202.0,203.0,204.0,205.0,206.0,207.0,208.0,209.0,210.0,211.0,212.0,213.0,214.0,215.0,216.0,217.0,218.0,219.0,220.0,221.0,222.0,223.0,224.0,225.0,226.0,227.0,228.0,229.0,230.0,231.0,232.0,233.0,234.0,235.0,236.0,237.0,238.0,239.0,240.0,241.0,242.0,243.0,244.0,245.0,246.0,247.0,248.0,249.0,250.0,251.0,252.0,253.0,254.0,,256.0,257.0,258.0,,260.0,261.0,262.0,263.0,264.0,265.0,266.0,267.0,268.0,269.0,,271.0,272.0,273.0,274.0,275.0,276.0,277.0,278.0,279.0,280.0,281.0,,283.0,284.0,285.0,286.0,287.0,288.0,289.0,290.0,291.0,292.0,293.0,294.0,295.0,296.0,,298.0,,300.0,301.0,302.0,303.0,304.0,305.0,,307.0,308.0,309.0,310.0,311.0,312.0,313.0,314.0,315.0,316.0,317.0,,,,321.0,,323.0,324.0,,,,,329.0,330.0,331.0,332.0,333.0,334.0,,,,,,340.0,341.0,,343.0,,345.0,,347.0,348.0,349.0,350.0,,,,,,,357.0,,,,361.0,362.0,363.0,,365.0,,,,,370.0,371.0,,,,,,,,,,,,,,,,,,,,,,,,,,,,,,,,,,,,,,,,,,,,,,,,,,,,,,,,,,,,,,,,,,,,,,,,,,,,,,,,,,,,,,,,,,,,,,,,,,,,,,,,,,,,,,,,,,,,,,,,,
20,0.0,1.0,2.0,3.0,4.0,5.0,6.0,7.0,8.0,9.0,10.0,11.0,12.0,13.0,14.0,15.0,16.0,17.0,18.0,19.0,20.0,21.0,22.0,23.0,24.0,25.0,26.0,27.0,28.0,29.0,30.0,31.0,32.0,33.0,34.0,35.0,36.0,37.0,38.0,39.0,40.0,41.0,42.0,43.0,44.0,45.0,46.0,47.0,48.0,49.0,50.0,51.0,52.0,53.0,54.0,55.0,56.0,57.0,58.0,59.0,60.0,61.0,62.0,63.0,64.0,65.0,66.0,67.0,68.0,69.0,70.0,71.0,72.0,73.0,74.0,75.0,76.0,77.0,78.0,79.0,80.0,81.0,82.0,83.0,84.0,85.0,86.0,87.0,88.0,89.0,90.0,91.0,92.0,93.0,94.0,95.0,96.0,97.0,98.0,99.0,100.0,101.0,102.0,103.0,104.0,105.0,106.0,107.0,108.0,109.0,110.0,111.0,112.0,113.0,114.0,115.0,116.0,117.0,118.0,119.0,120.0,121.0,122.0,123.0,124.0,125.0,126.0,127.0,128.0,129.0,130.0,131.0,132.0,133.0,134.0,135.0,136.0,137.0,138.0,139.0,140.0,141.0,142.0,143.0,144.0,145.0,146.0,147.0,148.0,149.0,150.0,151.0,152.0,153.0,154.0,155.0,156.0,157.0,158.0,159.0,160.0,161.0,162.0,163.0,164.0,165.0,166.0,167.0,168.0,169.0,170.0,171.0,172.0,173.0,174.0,175.0,176.0,177.0,178.0,179.0,180.0,181.0,182.0,183.0,184.0,185.0,186.0,187.0,188.0,189.0,190.0,191.0,192.0,193.0,194.0,195.0,196.0,197.0,198.0,199.0,,201.0,202.0,203.0,204.0,205.0,206.0,207.0,208.0,209.0,210.0,211.0,212.0,213.0,214.0,215.0,216.0,217.0,218.0,219.0,220.0,221.0,222.0,223.0,224.0,225.0,226.0,227.0,228.0,229.0,230.0,231.0,232.0,233.0,234.0,235.0,236.0,237.0,238.0,239.0,240.0,241.0,242.0,243.0,244.0,245.0,246.0,247.0,248.0,249.0,250.0,251.0,252.0,253.0,254.0,255.0,256.0,257.0,,259.0,260.0,261.0,262.0,,264.0,265.0,266.0,267.0,268.0,269.0,,271.0,272.0,273.0,274.0,275.0,276.0,277.0,,279.0,280.0,281.0,,283.0,284.0,285.0,286.0,287.0,288.0,289.0,290.0,,,293.0,,,,297.0,298.0,299.0,300.0,301.0,302.0,303.0,304.0,305.0,306.0,307.0,308.0,309.0,310.0,311.0,312.0,313.0,314.0,315.0,316.0,317.0,,,320.0,,322.0,323.0,324.0,325.0,326.0,327.0,328.0,329.0,330.0,331.0,332.0,333.0,,,336.0,337.0,338.0,,340.0,341.0,,,344.0,345.0,346.0,347.0,348.0,349.0,350.0,351.0,,353.0,,,356.0,,358.0,359.0,360.0,,362.0,,364.0,,,,368.0,,,,372.0,373.0,374.0,375.0,376.0,,,,,,,,,,386.0,,,389.0,,,,,,,,,,,400.0,401.0,402.0,403.0,,,,,,,,,,,,,,,,,,,,,,,,,,,430.0,431.0,432.0,433.0,,,,,,,,,,,,,,,,,,,,,,,,,,,,,,,,,,,,,,,,,,,,,,,,,,,,,,,,,,,
15,0.0,1.0,2.0,3.0,4.0,5.0,6.0,7.0,8.0,9.0,10.0,11.0,12.0,13.0,14.0,15.0,16.0,17.0,18.0,19.0,20.0,21.0,22.0,23.0,24.0,25.0,26.0,27.0,28.0,29.0,30.0,31.0,32.0,33.0,34.0,35.0,36.0,37.0,38.0,39.0,40.0,41.0,42.0,43.0,44.0,45.0,46.0,47.0,48.0,49.0,50.0,51.0,52.0,53.0,54.0,55.0,56.0,57.0,58.0,59.0,60.0,61.0,62.0,63.0,64.0,65.0,66.0,67.0,68.0,69.0,70.0,71.0,72.0,73.0,74.0,75.0,76.0,77.0,78.0,79.0,80.0,81.0,82.0,83.0,84.0,85.0,86.0,87.0,88.0,89.0,90.0,91.0,92.0,93.0,94.0,95.0,96.0,97.0,98.0,99.0,100.0,101.0,102.0,103.0,104.0,105.0,106.0,107.0,108.0,109.0,110.0,111.0,112.0,113.0,114.0,115.0,116.0,117.0,118.0,119.0,120.0,121.0,122.0,123.0,124.0,125.0,126.0,127.0,128.0,129.0,130.0,131.0,132.0,133.0,134.0,135.0,136.0,137.0,138.0,139.0,140.0,141.0,142.0,143.0,144.0,145.0,146.0,147.0,148.0,149.0,150.0,151.0,152.0,153.0,154.0,155.0,156.0,157.0,158.0,159.0,160.0,161.0,162.0,163.0,164.0,165.0,166.0,167.0,168.0,169.0,170.0,171.0,172.0,173.0,174.0,175.0,176.0,177.0,178.0,179.0,180.0,181.0,182.0,183.0,184.0,185.0,186.0,187.0,188.0,189.0,190.0,191.0,192.0,193.0,194.0,195.0,196.0,197.0,198.0,199.0,200.0,201.0,202.0,203.0,204.0,205.0,206.0,207.0,208.0,209.0,210.0,211.0,212.0,213.0,214.0,215.0,216.0,217.0,218.0,219.0,220.0,221.0,,223.0,224.0,225.0,226.0,227.0,228.0,229.0,230.0,231.0,232.0,233.0,234.0,235.0,236.0,237.0,238.0,239.0,240.0,241.0,242.0,243.0,244.0,245.0,246.0,247.0,248.0,249.0,250.0,251.0,252.0,253.0,254.0,,256.0,257.0,258.0,259.0,260.0,261.0,262.0,263.0,264.0,265.0,266.0,267.0,268.0,269.0,270.0,271.0,272.0,273.0,274.0,275.0,276.0,,278.0,279.0,280.0,281.0,,283.0,284.0,285.0,286.0,287.0,288.0,289.0,290.0,,292.0,293.0,,,296.0,297.0,298.0,299.0,300.0,301.0,302.0,303.0,304.0,305.0,,,308.0,309.0,310.0,311.0,312.0,313.0,314.0,315.0,316.0,317.0,318.0,,,,,323.0,324.0,325.0,326.0,327.0,328.0,329.0,330.0,331.0,332.0,333.0,334.0,,336.0,337.0,338.0,339.0,,,342.0,,344.0,,346.0,347.0,348.0,349.0,350.0,,,,354.0,,356.0,,,,,361.0,,363.0,364.0,,366.0,,,369.0,,,,373.0,374.0,,,377.0,378.0,379.0,380.0,381.0,382.0,383.0,384.0,,,,,,,,,,,,,,,,,,,,404.0,405.0,406.0,407.0,408.0,,,,,,,,,,,,,,,,,,,,,,,,,,434.0,435.0,436.0,437.0,438.0,,,,,,,,,,,,,,,,,,,,,,,,,,,,,,,,,,,,,,,,,,,,,,,,,,,,,,
10,0.0,1.0,2.0,3.0,4.0,5.0,6.0,7.0,8.0,9.0,10.0,11.0,12.0,13.0,14.0,15.0,16.0,17.0,18.0,19.0,20.0,21.0,22.0,23.0,24.0,25.0,26.0,27.0,28.0,29.0,30.0,31.0,32.0,33.0,34.0,35.0,36.0,37.0,38.0,39.0,40.0,41.0,42.0,43.0,44.0,45.0,46.0,47.0,48.0,49.0,50.0,51.0,52.0,53.0,54.0,55.0,56.0,57.0,58.0,59.0,60.0,61.0,62.0,63.0,64.0,65.0,66.0,67.0,68.0,69.0,70.0,71.0,72.0,73.0,74.0,75.0,76.0,77.0,78.0,79.0,80.0,81.0,82.0,83.0,84.0,85.0,86.0,87.0,88.0,89.0,90.0,91.0,92.0,93.0,94.0,95.0,96.0,97.0,98.0,99.0,100.0,101.0,102.0,103.0,104.0,105.0,106.0,107.0,108.0,109.0,110.0,111.0,112.0,113.0,114.0,115.0,116.0,117.0,118.0,119.0,120.0,121.0,122.0,123.0,124.0,125.0,126.0,127.0,128.0,129.0,130.0,131.0,132.0,133.0,134.0,135.0,136.0,137.0,138.0,139.0,140.0,141.0,142.0,143.0,144.0,145.0,146.0,147.0,148.0,149.0,150.0,151.0,152.0,153.0,154.0,155.0,156.0,157.0,158.0,159.0,160.0,161.0,162.0,163.0,164.0,165.0,166.0,167.0,168.0,169.0,170.0,171.0,172.0,173.0,174.0,175.0,176.0,177.0,178.0,179.0,180.0,181.0,182.0,183.0,184.0,185.0,186.0,187.0,188.0,189.0,190.0,191.0,192.0,193.0,194.0,195.0,196.0,197.0,198.0,199.0,200.0,201.0,202.0,203.0,204.0,205.0,206.0,207.0,208.0,209.0,210.0,211.0,212.0,213.0,214.0,215.0,216.0,217.0,218.0,219.0,220.0,221.0,222.0,223.0,224.0,225.0,226.0,227.0,228.0,229.0,230.0,231.0,232.0,233.0,234.0,235.0,236.0,237.0,238.0,239.0,240.0,241.0,242.0,243.0,244.0,245.0,246.0,247.0,248.0,249.0,250.0,251.0,252.0,253.0,254.0,255.0,256.0,257.0,258.0,259.0,260.0,261.0,262.0,263.0,264.0,265.0,266.0,267.0,268.0,269.0,270.0,271.0,272.0,273.0,274.0,275.0,276.0,277.0,278.0,279.0,280.0,281.0,282.0,283.0,284.0,285.0,286.0,287.0,288.0,289.0,290.0,291.0,292.0,293.0,294.0,295.0,296.0,297.0,298.0,299.0,300.0,301.0,302.0,303.0,304.0,305.0,306.0,307.0,308.0,309.0,310.0,311.0,312.0,313.0,314.0,315.0,316.0,317.0,318.0,319.0,,,,323.0,324.0,325.0,326.0,327.0,328.0,329.0,330.0,331.0,332.0,333.0,,335.0,336.0,337.0,338.0,339.0,340.0,341.0,342.0,343.0,344.0,345.0,346.0,347.0,348.0,349.0,350.0,,352.0,,,355.0,,357.0,358.0,359.0,360.0,361.0,362.0,363.0,364.0,,,367.0,,,370.0,371.0,372.0,,,375.0,376.0,377.0,378.0,379.0,380.0,381.0,382.0,383.0,,,,387.0,388.0,,,,,,,,,,,,,,,,,405.0,,,,409.0,410.0,411.0,412.0,413.0,414.0,415.0,416.0,417.0,418.0,419.0,420.0,421.0,422.0,423.0,,,,,,,,,,,,,,,,439.0,440.0,441.0,442.0,443.0,444.0,,,,,,,,,,,,,,,,,,,,,,,,,,,,,,,,,,,,,,,,,,,,,,,,
5,0.0,1.0,2.0,3.0,4.0,5.0,6.0,7.0,8.0,9.0,10.0,11.0,12.0,13.0,14.0,15.0,16.0,17.0,18.0,19.0,20.0,21.0,22.0,23.0,24.0,25.0,26.0,27.0,28.0,29.0,30.0,31.0,32.0,33.0,34.0,35.0,36.0,37.0,38.0,39.0,40.0,41.0,42.0,43.0,44.0,45.0,46.0,47.0,48.0,49.0,50.0,51.0,52.0,53.0,54.0,55.0,56.0,57.0,58.0,59.0,60.0,61.0,62.0,63.0,64.0,65.0,66.0,67.0,68.0,69.0,70.0,71.0,72.0,73.0,74.0,75.0,76.0,77.0,78.0,79.0,80.0,81.0,82.0,83.0,84.0,85.0,86.0,87.0,88.0,89.0,90.0,91.0,92.0,93.0,94.0,95.0,96.0,97.0,98.0,99.0,100.0,101.0,102.0,103.0,104.0,105.0,106.0,107.0,108.0,109.0,110.0,111.0,112.0,113.0,114.0,115.0,116.0,117.0,118.0,119.0,120.0,121.0,122.0,123.0,124.0,125.0,126.0,127.0,128.0,129.0,130.0,131.0,132.0,133.0,134.0,135.0,136.0,137.0,138.0,139.0,140.0,141.0,142.0,143.0,144.0,145.0,146.0,147.0,148.0,149.0,150.0,151.0,152.0,153.0,154.0,155.0,156.0,157.0,158.0,159.0,160.0,161.0,162.0,163.0,164.0,165.0,166.0,167.0,168.0,169.0,170.0,171.0,172.0,173.0,174.0,175.0,176.0,177.0,178.0,179.0,180.0,181.0,182.0,183.0,184.0,185.0,186.0,187.0,188.0,189.0,190.0,191.0,192.0,193.0,194.0,195.0,196.0,197.0,198.0,199.0,200.0,201.0,202.0,203.0,204.0,205.0,206.0,207.0,208.0,209.0,210.0,211.0,212.0,213.0,214.0,215.0,216.0,217.0,218.0,219.0,220.0,221.0,,223.0,224.0,225.0,226.0,227.0,228.0,229.0,230.0,231.0,232.0,233.0,234.0,235.0,236.0,237.0,238.0,239.0,240.0,241.0,242.0,243.0,244.0,245.0,246.0,247.0,248.0,249.0,250.0,251.0,252.0,253.0,254.0,255.0,256.0,257.0,258.0,259.0,260.0,261.0,262.0,263.0,264.0,265.0,266.0,267.0,268.0,269.0,270.0,271.0,272.0,273.0,274.0,275.0,276.0,277.0,,279.0,280.0,281.0,282.0,283.0,284.0,285.0,286.0,287.0,288.0,289.0,290.0,291.0,,293.0,294.0,295.0,296.0,297.0,298.0,299.0,300.0,301.0,302.0,303.0,304.0,305.0,306.0,307.0,308.0,309.0,310.0,311.0,312.0,313.0,314.0,315.0,316.0,317.0,318.0,319.0,,321.0,,323.0,324.0,325.0,326.0,327.0,328.0,329.0,330.0,331.0,332.0,333.0,334.0,335.0,336.0,337.0,338.0,339.0,340.0,341.0,342.0,343.0,344.0,345.0,346.0,347.0,348.0,349.0,350.0,351.0,352.0,353.0,,,356.0,357.0,358.0,359.0,360.0,361.0,362.0,363.0,364.0,,366.0,367.0,368.0,,370.0,371.0,372.0,373.0,374.0,375.0,376.0,377.0,378.0,379.0,380.0,381.0,382.0,383.0,,,,,,,390.0,391.0,,393.0,,,396.0,397.0,398.0,399.0,400.0,401.0,402.0,403.0,404.0,,406.0,407.0,408.0,409.0,410.0,411.0,412.0,413.0,414.0,415.0,416.0,417.0,418.0,419.0,420.0,421.0,422.0,423.0,,,,,,,,,,,,,,,,,,,,,,445.0,446.0,447.0,448.0,449.0,450.0,451.0,452.0,453.0,454.0,455.0,456.0,457.0,458.0,459.0,460.0,461.0,462.0,463.0,464.0,465.0,466.0,467.0,468.0,469.0,470.0,471.0,472.0,473.0,474.0,475.0,476.0,477.0,478.0,479.0,480.0,481.0,482.0,483.0,484.0,485.0,486.0,487.0,488.0,489.0,490.0,491.0,492.0
